ImagePair,MeanTargetSaliency,MaxTargetSaliency,SDTargetSaliency,MeanDistractorSaliency,MaxDistractorSaliency,SDDistractorSaliency,MeanSaliencyDiff
948_1064,0.4856,1,0.2009,0.3118,0.6017,0.1477,0.1738
947_1063,0.5509,1,0.2188,0.4938,0.8715,0.2173,0.0571
949_1065,0.4157,0.9013,0.1977,0.3684,1,0.2539,0.0473
945_1067,0.3651,0.5927,0.1167,0.5518,1,0.2187,-0.1867
944_1066,0.5067,1,0.2095,0.4409,0.8014,0.1845,0.0658
946_1068,0.4755,1,0.2021,0.3038,0.6005,0.1406,0.1717
964_1033,0.2407,0.4689,0.1128,0.4476,1,0.2696,-0.2069
963_1032,0.2732,0.6152,0.1506,0.401,1,0.2148,-0.1278
965_1034,0.3141,1,0.2537,0.244,0.4789,0.0971,0.0701
962_1037,0.2455,1,0.2234,0.2331,0.3747,0.0783,0.0124
961_1036,0.2993,1,0.2494,0.2326,0.4661,0.0937,0.0667
960_1035,0.2617,0.6594,0.1547,0.3831,1,0.2145,-0.1214
937_1006,0.5907,1,0.247,0.4514,0.9996,0.2267,0.1393
936_1005,0.5811,1,0.2458,0.3456,0.6921,0.1425,0.2355
935_1004,0.4565,0.9933,0.2159,0.5212,1,0.2181,-0.0647
932_1007,0.4894,1,0.2125,0.5519,0.9912,0.2356,-0.0625
934_1009,0.5811,1,0.2458,0.3456,0.6921,0.1425,0.2355
933_1008,0.3018,0.5509,0.1375,0.4818,1,0.238,-0.18
977_989,0.5005,0.8575,0.1806,0.5668,1,0.2231,-0.0663
976_988,0.6745,0.9828,0.1787,0.628,1,0.2109,0.0465
978_990,0.517,1,0.1875,0.339,0.75,0.1548,0.178
974_992,0.7023,1,0.1695,0.5887,0.9216,0.1799,0.1136
975_993,0.5486,0.9341,0.1973,0.5982,1,0.2209,-0.0496
973_991,0.646,0.9482,0.1727,0.6148,1,0.2231,0.0312
1200_1209,0.3658,1,0.2316,0.2233,0.8937,0.1674,0.1425
1201_1206,0.1951,1,0.1951,0.1836,0.808,0.1583,0.0115
1202_1208,0.327,0.886,0.2259,0.1786,1,0.1674,0.1484
1203_1205,0.4127,1,0.2375,0.3511,0.9668,0.235,0.0616
1204_1207,0.1325,0.3606,0.0773,0.2231,1,0.2134,-0.0906
77_83,0.3335,1,0.185,0.2858,0.7643,0.1077,0.0477
78_79,0.6186,1,0.1865,0.564,0.9409,0.1204,0.0546
80_82,0.3399,0.8514,0.167,0.6129,1,0.1905,-0.273
80_81,0.5474,0.9987,0.179,0.4208,1,0.165,0.1266
81_83,0.3224,1,0.1731,0.3174,0.537,0.0969,0.005
84_86,0.6186,1,0.1865,0.564,0.9409,0.1204,0.0546
80_85,0.4369,1,0.1629,0.2331,0.5596,0.0836,0.2038
77_82,0.5332,1,0.2015,0.36,0.7741,0.1541,0.1732
82_85,0.4638,1,0.1515,0.5005,0.8874,0.1546,-0.0367
77_81,0.3429,1,0.1866,0.312,0.5269,0.0923,0.0309
77_80,0.315,0.8544,0.1683,0.4166,1,0.1998,-0.1016
83_85,0.1988,0.5814,0.0953,0.3056,1,0.1419,-0.1068
77_85,0.4694,1,0.1745,0.3534,0.9352,0.166,0.116
80_83,0.326,1,0.1765,0.2475,0.5966,0.0938,0.0785
81_82,0.3756,0.641,0.1006,0.5938,1,0.1873,-0.2182
1746_1751,0.3949,0.7632,0.185,0.5914,1,0.1961,-0.1965
1749_1754,0.582,1,0.2233,0.2451,0.4121,0.064,0.3369
1748_1755,0.2058,0.3676,0.0609,0.5165,1,0.201,-0.3107
1753_1756,0.6158,0.9564,0.1118,0.7402,1,0.112,-0.1244
1752_1757,0.6762,1,0.1434,0.6011,0.9227,0.1144,0.0751
1747_1750,0.3949,0.7632,0.185,0.5914,1,0.1961,-0.1965
292_318,0.2886,0.4893,0.0938,0.3844,1,0.2083,-0.0958
293_312,0.5236,1,0.1358,0.5573,0.9432,0.1484,-0.0337
294_300,0.2955,1,0.1955,0.2517,0.4014,0.0678,0.0438
295_299,0.4319,0.9254,0.1678,0.3166,1,0.1833,0.1153
296_304,0.3125,1,0.1757,0.1684,0.4521,0.0668,0.1441
295_297,0.2721,0.788,0.1605,0.3966,1,0.1961,-0.1245
296_298,0.2507,0.5497,0.0999,0.3746,1,0.199,-0.1239
299_313,0.342,0.8816,0.1416,0.3539,1,0.2016,-0.0119
300_306,0.3046,0.5701,0.1006,0.3171,1,0.1892,-0.0125
301_303,0.2968,0.5799,0.0929,0.4639,1,0.2432,-0.1671
302_315,0.2491,0.5999,0.1258,0.27,1,0.187,-0.0209
303_305,0.3387,1,0.1861,0.2108,0.484,0.0744,0.1279
304_311,0.3035,0.8263,0.1571,0.3524,1,0.1519,-0.0489
305_319,0.2395,0.7134,0.1337,0.3091,1,0.1794,-0.0696
302_306,0.2443,0.9176,0.1657,0.4584,1,0.2114,-0.2141
307_316,0.3456,0.8145,0.1586,0.4854,1,0.2317,-0.1398
308_321,0.3774,1,0.1782,0.3432,0.6755,0.1518,0.0342
309_314,0.3993,0.8291,0.1351,0.4629,1,0.2045,-0.0636
308_310,0.3949,0.8297,0.1707,0.5278,1,0.185,-0.1329
292_311,0.4819,0.9943,0.1986,0.4346,1,0.1935,0.0473
310_312,0.517,1,0.1776,0.3201,0.6193,0.125,0.1969
297_313,0.3404,1,0.1965,0.3199,0.7809,0.1479,0.0205
298_314,0.4013,1,0.1888,0.3957,0.8833,0.16,0.0056
309_315,0.5327,1,0.2238,0.3091,0.7431,0.1684,0.2236
316_320,0.5088,1,0.172,0.4174,0.9578,0.1774,0.0914
307_317,0.3929,0.7561,0.1843,0.3395,1,0.2021,0.0534
294_318,0.4681,1,0.1773,0.3933,0.7229,0.1336,0.0748
293_319,0.3047,0.6622,0.0913,0.3596,1,0.1774,-0.0549
317_320,0.3581,1,0.2118,0.3662,0.7203,0.1517,-0.0081
301_321,0.4369,1,0.2314,0.3585,0.9681,0.1695,0.0784
418_440,0.4728,0.9736,0.2063,0.5229,1,0.2161,-0.0501
419_441,0.6117,1,0.2253,0.6623,0.9737,0.17,-0.0506
420_442,0.5506,1,0.2187,0.4914,0.8718,0.2167,0.0592
421_443,0.4803,1,0.2381,0.3114,0.5683,0.1475,0.1689
422_435,0.5617,1,0.2189,0.3619,0.6319,0.1209,0.1998
423_439,0.2728,0.6689,0.1601,0.4038,1,0.2143,-0.131
424_444,0.7022,1,0.1698,0.5861,0.943,0.1894,0.1161
425_434,0.4558,1,0.2911,0.2399,0.4701,0.1123,0.2159
426_436,0.5003,0.8572,0.1807,0.5663,1,0.2232,-0.066
427_445,0.2495,0.4869,0.0963,0.3152,1,0.2539,-0.0657
428_438,0.3448,0.7083,0.1452,0.5744,1,0.2451,-0.2296
429_437,0.4867,1,0.2009,0.3132,0.6038,0.1483,0.1735
430_446,0.2454,1,0.2233,0.2316,0.3721,0.0778,0.0138
431_447,0.4432,0.7597,0.1763,0.4415,1,0.2289,0.0017
432_448,0.3186,0.6987,0.1457,0.4966,1,0.1905,-0.178
433_449,0.3694,1,0.2517,0.4185,0.8807,0.1974,-0.0491
450_461,0.5295,0.9556,0.2247,0.4603,1,0.2178,0.0692
451_466,0.6302,1,0.2085,0.5257,0.8179,0.1662,0.1045
452_456,0.2728,0.6689,0.1601,0.4038,1,0.2143,-0.131
453_459,0.328,0.5238,0.1174,0.4599,1,0.2239,-0.1319
454_458,0.3181,0.5763,0.1455,0.505,1,0.2398,-0.1869
455_512,0.6824,1,0.2112,0.4838,0.6125,0.0739,0.1986
457_460,0.5197,0.837,0.1911,0.6015,1,0.2149,-0.0818
458_461,0.4482,1,0.2285,0.319,0.6798,0.1489,0.1292
452_463,0.1688,0.5303,0.1032,0.4507,1,0.2727,-0.2819
460_513,0.3186,0.5291,0.1129,0.5498,1,0.2168,-0.2312
462_465,0.2599,0.4076,0.0718,0.4253,1,0.2351,-0.1654
463_468,0.4558,1,0.2911,0.2399,0.4701,0.1123,0.2159
450_454,0.3903,0.7231,0.1807,0.4908,1,0.2167,-0.1005
464_467,0.4693,0.6116,0.0954,0.6651,1,0.2245,-0.1958
466_514,0.5157,0.7877,0.1543,0.5135,1,0.1909,0.0022
469_515,0.4573,1,0.2298,0.3608,0.5859,0.1321,0.0965
470_472,0.3448,0.7083,0.1452,0.5744,1,0.2451,-0.2296
471_516,0.2656,0.8185,0.1471,0.3031,1,0.2005,-0.0375
456_468,0.3897,0.7618,0.2024,0.4018,1,0.217,-0.0121
473_480,0.649,0.8532,0.0999,0.6888,1,0.1647,-0.0398
474_483,0.4798,0.6822,0.1517,0.6547,1,0.1952,-0.1749
475_508,0.712,1,0.1796,0.6919,0.9064,0.1465,0.0201
476_517,0.5118,0.9391,0.193,0.6617,1,0.2152,-0.1499
477_491,0.5295,0.9556,0.2247,0.4603,1,0.2178,0.0692
478_518,0.5153,1,0.2471,0.4846,0.8684,0.21,0.0307
479_489,0.3181,0.5763,0.1455,0.505,1,0.2398,-0.1869
481_519,0.3335,0.5761,0.1106,0.6507,1,0.2219,-0.3172
482_486,0.4264,1,0.2385,0.4455,0.6493,0.1289,-0.0191
484_520,0.4797,1,0.2661,0.3499,0.5991,0.1448,0.1298
485_490,0.4905,0.7873,0.186,0.6412,1,0.2537,-0.1507
476_478,0.5348,1,0.2102,0.3417,0.6015,0.1639,0.1931
481_484,0.5638,1,0.1894,0.4976,0.9871,0.2689,0.0662
487_492,0.48,1,0.2138,0.4981,0.9025,0.1991,-0.0181
488_495,0.2506,0.917,0.2211,0.5981,1,0.2235,-0.3475
493_506,0.3448,0.7083,0.1452,0.5744,1,0.2451,-0.2296
494_497,0.5978,0.9667,0.1987,0.5623,1,0.1837,0.0355
496_511,0.4519,0.8222,0.2137,0.4609,1,0.2029,-0.009
498_503,0.4492,0.7623,0.1768,0.4423,1,0.2288,0.0069
499_504,0.325,1,0.227,0.3844,0.7206,0.1359,-0.0594
500_502,0.5703,0.8587,0.1927,0.6221,1,0.2097,-0.0518
453_462,0.6044,0.8175,0.122,0.6317,1,0.21,-0.0273
501_509,0.537,1,0.1911,0.5852,0.9488,0.2357,-0.0482
459_465,0.4588,1,0.2503,0.4294,0.8771,0.2032,0.0294
505_507,0.3469,1,0.2533,0.3706,0.6067,0.1406,-0.0237
510_521,0.2995,1,0.2495,0.2322,0.4656,0.0935,0.0673
489_491,0.4482,1,0.2285,0.319,0.6798,0.1489,0.1292
477_479,0.3903,0.7231,0.1807,0.4908,1,0.2167,-0.1005
1643_1644,0.2996,0.5349,0.1243,0.5782,1,0.2093,-0.2786
1645_1646,0.6421,1,0.2299,0.5095,0.8977,0.1877,0.1326
1647_1648,0.1483,0.2734,0.0549,0.3096,1,0.2473,-0.1613
1649_1650,0.3754,0.7584,0.1504,0.5283,1,0.2442,-0.1529
1651_1652,0.2513,0.4065,0.0772,0.6691,1,0.2005,-0.4178
1653_1654,0.3758,1,0.2451,0.2539,0.607,0.1252,0.1219
1655_1656,0.4576,1,0.216,0.2141,0.5341,0.1316,0.2435
1657_1658,0.4142,1,0.2656,0.497,0.8253,0.1618,-0.0828
1659_1660,0.5372,0.9739,0.2149,0.566,1,0.2393,-0.0288
1661_1662,0.6591,1,0.2097,0.2506,0.5087,0.0983,0.4085
1663_1664,0.5986,1,0.2234,0.3812,0.5722,0.1165,0.2174
1665_1666,0.6256,1,0.1925,0.441,0.7721,0.1913,0.1846
1667_1668,0.3219,1,0.2832,0.4332,0.9707,0.2217,-0.1113
1669_1670,0.4091,1,0.2519,0.3684,0.8026,0.1903,0.0407
1671_1672,0.5842,1,0.1823,0.5517,0.9881,0.1848,0.0325
1673_1674,0.5425,1,0.2239,0.307,0.6964,0.1674,0.2355
1216_1217,0.3206,0.6418,0.1207,0.4414,1,0.2433,-0.1208
1222_1223,0.4812,1,0.2242,0.3753,0.7671,0.1869,0.1059
1251_1309,0.2406,0.4889,0.1128,0.531,1,0.2418,-0.2904
1301_1302,0.5418,0.9638,0.2535,0.3606,1,0.2401,0.1812
1375_1376,0.4305,1,0.2191,0.1514,0.3346,0.0619,0.2791
1410_1411,0.4663,0.9727,0.2233,0.5162,1,0.2197,-0.0499
1586_1587,0.5913,1,0.1834,0.5944,0.7923,0.1154,-0.0031
1214_1353,0.2587,0.5229,0.1224,0.4569,1,0.2294,-0.1982
1459_1460,0.501,0.8269,0.1904,0.5152,1,0.2012,-0.0142
1214_1246,0.3901,1,0.2108,0.1168,0.1984,0.0418,0.2733
1549_1550,0.2694,0.3993,0.0729,0.3242,1,0.2076,-0.0548
1347_1348,0.3958,0.7866,0.1643,0.5115,1,0.1963,-0.1157
1214_1247,0.4623,1,0.2209,0.2401,0.4391,0.0642,0.2222
1356_1357,0.5425,1,0.2475,0.2288,0.3389,0.0472,0.3137
1564_1565,0.6219,1,0.1821,0.6076,0.9392,0.1593,0.0143
1214_1259,0.3861,1,0.1989,0.1238,0.2694,0.0424,0.2623
1264_1265,0.4464,1,0.221,0.0941,0.1704,0.0405,0.3523
1214_1215,0.4926,1,0.2334,0.3704,0.8958,0.2104,0.1222
1270_1271,0.5254,1,0.1964,0.4459,0.7404,0.1591,0.0795
1218_1219,0.3004,1,0.1739,0.2385,0.4285,0.0805,0.0619
1418_1443,0.3004,0.4117,0.0694,0.5315,1,0.214,-0.2311
1518_1519,0.453,0.8714,0.1537,0.5025,1,0.2003,-0.0495
1368_1369,0.3435,0.5047,0.0945,0.5289,1,0.1992,-0.1854
1214_1331,0.2739,0.5388,0.1281,0.3176,1,0.2181,-0.0437
1472_1473,0.4544,1,0.2002,0.2665,0.7847,0.1805,0.1879
1214_1217,0.5041,1,0.235,0.2925,0.7122,0.1573,0.2116
1588_1589,0.4946,1,0.2384,0.3414,0.6085,0.1289,0.1532
1214_1403,0.3859,0.8558,0.1796,0.6901,1,0.168,-0.3042
1498_1499,0.3612,0.6391,0.1444,0.4101,1,0.2002,-0.0489
1214_1239,0.4542,1,0.2141,0.2972,0.6947,0.1531,0.157
1226_1227,0.291,0.7173,0.1159,0.4319,1,0.2815,-0.1409
1418_1419,0.7285,1,0.164,0.6164,0.9684,0.1768,0.1121
1214_1281,0.4661,1,0.2226,0.3734,0.8056,0.1979,0.0927
1572_1573,0.4221,1,0.193,0.5045,0.8583,0.1752,-0.0824
1214_1244,0.2924,0.6274,0.1396,0.4106,1,0.2732,-0.1182
1249_1250,0.4482,0.8464,0.1622,0.426,1,0.2038,0.0222
1214_1236,0.4102,1,0.2046,0.1804,0.2194,0.0314,0.2298
1214_1562,0.4251,1,0.2065,0.401,0.981,0.2652,0.0241
1214_1313,0.4421,1,0.2166,0.3282,0.9648,0.1796,0.1139
1412_1413,0.4499,1,0.2123,0.2749,0.6519,0.127,0.175
1455_1456,0.2332,0.6623,0.1939,0.1679,1,0.1934,0.0653
1447_1448,0.1759,0.3451,0.0648,0.3396,1,0.2488,-0.1637
1322_1323,0.4334,0.9297,0.1747,0.4338,1,0.2191,-0.0004
1329_1330,0.3623,0.697,0.1437,0.497,1,0.2086,-0.1347
1247_1248,0.3369,0.5853,0.0816,0.603,1,0.1636,-0.2661
1242_1243,0.2844,0.5053,0.0747,0.4417,1,0.196,-0.1573
1251_1252,0.1606,0.3295,0.0635,0.4537,1,0.2408,-0.2931
1240_1241,0.3979,1,0.2087,0.4061,0.9743,0.2321,-0.0082
1252_1295,0.1472,0.3068,0.0591,0.324,1,0.213,-0.1768
1532_1533,0.4563,1,0.1747,0.4854,0.9029,0.1731,-0.0291
1365_1366,0.4008,1,0.2334,0.378,0.8215,0.219,0.0228
1358_1359,0.3148,0.5612,0.1127,0.5204,1,0.2176,-0.2056
1545_1546,0.3749,0.7921,0.1744,0.5334,1,0.2134,-0.1585
1540_1541,0.4515,1,0.2539,0.2453,0.4138,0.0876,0.2062
1504_1505,0.3985,1,0.2783,0.2437,0.4654,0.0979,0.1548
1224_1502,0.3451,1,0.242,0.3488,0.5441,0.1064,-0.0037
1298_1440,0.3429,0.726,0.1394,0.4779,1,0.172,-0.135
1245_1440,0.2963,0.6623,0.1166,0.5651,1,0.234,-0.2688
1520_1521,0.3181,0.6439,0.1229,0.4631,1,0.2043,-0.145
1441_1442,0.5321,1,0.2477,0.3577,0.7397,0.1251,0.1744
1235_1236,0.5059,0.8171,0.1747,0.594,1,0.1992,-0.0881
1228_1229,0.4762,1,0.2591,0.3239,0.7116,0.1635,0.1523
1215_1236,0.4197,0.6821,0.1457,0.4139,1,0.2384,0.0058
1389_1390,0.3998,1,0.2212,0.197,0.3633,0.0769,0.2028
1344_1402,0.5571,1,0.1879,0.4005,0.5966,0.1254,0.1566
1494_1495,0.3068,1,0.2266,0.0816,0.2115,0.0534,0.2252
1416_1417,0.546,1,0.2222,0.3264,0.5951,0.1546,0.2196
1337_1338,0.4293,1,0.2368,0.3769,0.7986,0.1684,0.0524
1255_1256,0.4105,1,0.2161,0.1581,0.2507,0.0462,0.2524
1267_1281,0.3878,1,0.2062,0.2676,0.5705,0.1308,0.1202
1267_1280,0.3458,1,0.199,0.3579,0.8577,0.1914,-0.0121
1282_1283,0.4614,1,0.2605,0.2486,0.3843,0.0817,0.2128
1414_1415,0.6203,1,0.1884,0.2367,0.3435,0.0561,0.3836
1217_1344,0.5615,1,0.1874,0.2193,0.4438,0.1001,0.3422
1590_1591,0.4314,1,0.2135,0.1998,0.7349,0.1754,0.2316
1332_1465,0.3857,1,0.2222,0.1177,0.1847,0.0418,0.268
1461_1462,0.4339,0.6904,0.1346,0.4439,1,0.2568,-0.01
1420_1421,0.3361,0.6627,0.1499,0.4518,1,0.213,-0.1157
1237_1238,0.5202,1,0.2134,0.4159,0.769,0.1545,0.1043
1220_1381,0.5103,0.7917,0.1453,0.4354,1,0.241,0.0749
1382_1383,0.5422,1,0.2153,0.4524,0.9484,0.2339,0.0898
1220_1246,0.5815,1,0.1745,0.1567,0.2731,0.0642,0.4248
1487_1488,0.5998,1,0.2161,0.3503,0.7515,0.1748,0.2495
1220_1247,0.6177,1,0.1815,0.249,0.3474,0.0564,0.3687
1513_1514,0.5218,1,0.1753,0.2485,0.5734,0.104,0.2733
1220_1221,0.6555,1,0.1945,0.2707,0.5651,0.112,0.3848
1574_1575,0.4074,0.725,0.1859,0.3252,1,0.2356,0.0822
1220_1305,0.4962,0.7515,0.1303,0.5157,1,0.2188,-0.0195
1476_1477,0.5724,1,0.2157,0.3123,0.7689,0.1632,0.2601
1220_1426,0.6482,1,0.1772,0.2762,0.4945,0.1207,0.372
1438_1439,0.5658,1,0.1912,0.3709,0.8834,0.2302,0.1949
1593_1594,0.5874,1,0.2027,0.4669,0.7717,0.1657,0.1205
1354_1355,0.6603,1,0.1924,0.4005,0.7612,0.1662,0.2598
1363_1364,0.6081,1,0.1801,0.2311,0.4705,0.1024,0.377
1217_1220,0.6456,1,0.1826,0.261,0.5536,0.1178,0.3846
1220_1403,0.5302,0.9219,0.1682,0.7107,1,0.1754,-0.1805
1220_1531,0.5954,1,0.1776,0.3179,0.6568,0.1485,0.2775
1227_1277,0.5738,1,0.1908,0.2558,0.5801,0.1597,0.318
1220_1281,0.6258,1,0.1845,0.3044,0.5388,0.121,0.3214
1286_1287,0.5207,1,0.1811,0.1728,0.4604,0.1427,0.3479
1398_1399,0.6191,1,0.1899,0.2705,0.8287,0.2225,0.3486
1220_1433,0.6798,1,0.1913,0.3645,0.7603,0.1541,0.3153
1422_1423,0.6348,1,0.198,0.4118,0.9527,0.1693,0.223
1220_1262,0.6026,1,0.1869,0.3437,0.4728,0.0626,0.2589
1307_1308,0.4964,1,0.2285,0.4833,0.8916,0.2164,0.0131
1220_1293,0.5826,1,0.1753,0.3995,0.8003,0.1682,0.1831
1220_1353,0.3757,0.5657,0.1138,0.4801,1,0.2285,-0.1044
1220_1232,0.6625,1,0.1919,0.3039,0.4859,0.0918,0.3586
1580_1581,0.5326,1,0.2522,0.3037,0.485,0.0953,0.2289
1212_1213,0.4874,1,0.1835,0.148,0.2839,0.0602,0.3394
1220_1259,0.6122,1,0.1766,0.1482,0.2599,0.0426,0.464
1463_1464,0.5101,1,0.1483,0.2424,0.6006,0.111,0.2677
1220_1443,0.6323,0.9565,0.19,0.5351,1,0.2127,0.0972
1220_1592,0.5417,0.8589,0.171,0.5881,1,0.1994,-0.0464
1220_1350,0.654,1,0.1805,0.5141,0.9821,0.2101,0.1399
1220_1360,0.674,1,0.1833,0.4178,0.8405,0.1945,0.2562
1474_1475,0.6435,1,0.172,0.4048,0.7689,0.1929,0.2387
1453_1454,0.4302,1,0.2153,0.3277,0.6392,0.1368,0.1025
1529_1530,0.7099,1,0.1522,0.3054,0.5733,0.1021,0.4045
1220_1239,0.5929,1,0.177,0.2885,0.6741,0.1495,0.3044
1299_1300,0.5748,0.9251,0.1646,0.4294,1,0.2255,0.1454
1298_1402,0.4148,0.6546,0.134,0.6126,1,0.1803,-0.1978
1406_1407,0.3976,1,0.2041,0.2832,0.4518,0.0847,0.1144
1298_1384,0.3052,0.574,0.0953,0.4971,1,0.1465,-0.1919
1377_1378,0.473,0.8582,0.1919,0.55,1,0.2458,-0.077
1578_1579,0.5447,1,0.1907,0.3895,0.666,0.1045,0.1552
1298_1313,0.3927,1,0.1724,0.2774,0.7859,0.1487,0.1153
1335_1336,0.1811,0.4214,0.0986,0.5781,1,0.2281,-0.397
1217_1298,0.4329,0.8469,0.1399,0.4326,1,0.2347,0.0003
1288_1289,0.3778,0.7923,0.1596,0.4953,1,0.2014,-0.1175
1280_1298,0.281,0.6021,0.0998,0.412,1,0.2288,-0.131
1303_1304,0.3838,1,0.2453,0.2712,0.5732,0.1242,0.1126
1523_1524,0.2704,0.6047,0.1022,0.5566,1,0.1621,-0.2862
1538_1539,0.3033,0.8245,0.1723,0.4252,1,0.1957,-0.1219
1247_1298,0.5736,1,0.1753,0.5584,0.8235,0.1351,0.0152
1298_1349,0.2827,0.5592,0.0916,0.5775,1,0.1895,-0.2948
1298_1391,0.3192,0.5975,0.0987,0.448,1,0.2635,-0.1288
1491_1492,0.439,0.774,0.1597,0.5044,1,0.1634,-0.0654
1496_1497,0.5514,1,0.2454,0.4587,0.6472,0.0918,0.0927
1230_1446,0.056,0.1283,0.0313,0.319,1,0.2262,-0.263
1436_1437,0.3188,0.801,0.2269,0.4847,1,0.2085,-0.1659
1233_1234,0.3122,1,0.2461,0.3839,0.745,0.129,-0.0717
1478_1479,0.5607,0.9621,0.1904,0.5557,1,0.1904,0.005
1230_1231,0.2136,0.5209,0.1262,0.609,1,0.2312,-0.3954
1230_1262,0.2984,0.6347,0.1593,0.6113,1,0.1599,-0.3129
1534_1569,0.1667,0.3403,0.0766,0.2303,1,0.1737,-0.0636
1558_1559,0.1321,0.317,0.0666,0.2344,1,0.2062,-0.1023
1247_1353,0.4937,1,0.2307,0.1537,0.2382,0.0394,0.34
1345_1346,0.5627,1,0.2235,0.2155,0.42,0.1007,0.3472
1353_1403,0.4632,1,0.2283,0.4952,0.7249,0.1291,-0.032
1536_1537,0.4744,1,0.1863,0.4134,0.6998,0.1614,0.061
1281_1512,0.23,0.5286,0.1233,0.4327,1,0.2426,-0.2027
1408_1409,0.4489,1,0.2052,0.2322,0.3709,0.0666,0.2167
1510_1511,0.4,1,0.2298,0.1696,0.5223,0.1406,0.2304
1570_1571,0.3541,0.8249,0.1785,0.4749,1,0.2546,-0.1208
1426_1427,0.5098,1,0.2369,0.3072,0.6169,0.1542,0.2026
1431_1432,0.2849,0.7911,0.1404,0.3662,1,0.2076,-0.0813
1261_1427,0.4139,0.8103,0.1966,0.4937,1,0.2403,-0.0798
1281_1402,0.5353,0.8696,0.1672,0.4432,1,0.2408,0.0921
1554_1555,0.4593,1,0.2312,0.3556,0.7121,0.1522,0.1037
1402_1446,0.3042,0.4735,0.1002,0.4983,1,0.226,-0.1941
1543_1544,0.5413,1,0.1989,0.4655,0.718,0.1593,0.0758
1468_1469,0.2613,0.5962,0.134,0.4613,1,0.2251,-0.2
1385_1386,0.3729,1,0.1932,0.4222,0.7695,0.1584,-0.0493
1284_1285,0.4599,0.7522,0.1954,0.457,1,0.2356,0.0029
1211_1278,0.3762,0.6419,0.136,0.4868,1,0.2552,-0.1106
1261_1285,0.377,0.6122,0.1629,0.4471,1,0.2419,-0.0701
1221_1285,0.4547,1,0.2043,0.1585,0.2996,0.0612,0.2962
1508_1509,0.4274,0.7971,0.1694,0.4812,1,0.2321,-0.0538
1215_1515,0.5863,1,0.1898,0.3833,0.9618,0.2237,0.203
1253_1254,0.4601,1,0.1881,0.5806,0.9564,0.2272,-0.1205
1245_1246,0.1616,0.2388,0.05,0.4691,1,0.2416,-0.3075
1247_1374,0.5433,0.9419,0.1408,0.3844,1,0.2286,0.1589
1218_1312,0.5166,0.888,0.1789,0.534,1,0.1942,-0.0174
1217_1247,0.4296,0.631,0.0792,0.4379,1,0.2263,-0.0083
1466_1467,0.2571,0.4589,0.0909,0.5872,1,0.221,-0.3301
1247_1281,0.4714,0.7432,0.1007,0.503,1,0.2051,-0.0316
1379_1380,0.1977,0.4021,0.0697,0.4275,1,0.2353,-0.2298
1370_1371,0.4241,1,0.2184,0.266,0.7702,0.1701,0.1581
1215_1247,0.4202,0.6918,0.098,0.4138,1,0.2337,0.0064
1268_1275,0.5225,1,0.2412,0.455,0.8068,0.1699,0.0675
1268_1269,0.5037,0.9749,0.2321,0.3936,1,0.1992,0.1101
1387_1388,0.1813,0.4698,0.1196,0.3735,1,0.217,-0.1922
1261_1274,0.4847,1,0.2245,0.2202,0.3757,0.0756,0.2645
1260_1261,0.5004,1,0.2577,0.2064,0.4274,0.1078,0.294
1261_1397,0.4779,1,0.2179,0.473,0.9086,0.22,0.0049
1251_1553,0.3326,0.6957,0.1572,0.522,1,0.2333,-0.1894
1556_1557,0.4628,1,0.2527,0.3518,0.7804,0.1753,0.111
1361_1362,0.4557,1,0.2462,0.4066,0.7505,0.1872,0.0491
1343_1367,0.5491,1,0.2353,0.3724,0.9337,0.1733,0.1767
1483_1484,0.3683,1,0.2466,0.2077,0.514,0.126,0.1606
1360_1480,0.4305,0.8564,0.2029,0.5007,1,0.2221,-0.0702
1404_1405,0.4375,0.6254,0.0876,0.4975,1,0.2499,-0.06
1400_1401,0.307,0.4777,0.0833,0.5124,1,0.204,-0.2054
1429_1430,0.4761,1,0.2231,0.1486,0.4789,0.1044,0.3275
1424_1425,0.5915,0.9062,0.183,0.3072,1,0.2369,0.2843
1446_1493,0.3963,0.9028,0.2078,0.4687,1,0.2286,-0.0724
1489_1490,0.522,1,0.2253,0.615,0.9522,0.2191,-0.093
1527_1528,0.3017,1,0.1785,0.3363,0.7418,0.1378,-0.0346
1534_1535,0.3761,0.9991,0.1905,0.4486,1,0.2856,-0.0725
1481_1482,0.6166,1,0.2388,0.2923,0.5462,0.1297,0.3243
1485_1486,0.5191,1,0.2701,0.4671,0.7998,0.1745,0.052
1221_1503,0.2089,0.4421,0.0904,0.3014,1,0.2407,-0.0925
1506_1507,0.4936,1,0.2393,0.2884,0.6888,0.1278,0.2052
1340_1341,0.4113,0.8075,0.1686,0.5085,1,0.2031,-0.0972
1221_1224,0.4839,0.9901,0.202,0.6487,1,0.1999,-0.1648
1374_1446,0.0583,0.1358,0.0314,0.3045,1,0.2278,-0.2462
1457_1458,0.1761,0.5021,0.1153,0.4227,1,0.2357,-0.2466
1582_1583,0.4214,0.7999,0.213,0.3679,1,0.2356,0.0535
1584_1585,0.3036,0.8025,0.1608,0.582,1,0.2058,-0.2784
1262_1328,0.3813,0.5662,0.0653,0.6174,1,0.1536,-0.2361
1320_1321,0.5087,1,0.2112,0.3697,0.8588,0.1865,0.139
1324_1325,0.5673,1,0.209,0.3822,0.8709,0.1833,0.1851
1333_1334,0.5994,0.9936,0.1921,0.4062,1,0.204,0.1932
1259_1305,0.1199,0.1787,0.0332,0.5018,1,0.2138,-0.3819
1272_1273,0.2471,0.6539,0.1217,0.6168,1,0.2325,-0.3697
1231_1276,0.2855,0.8123,0.1859,0.6117,1,0.2313,-0.3262
1215_1566,0.189,0.4508,0.1059,0.4621,1,0.2419,-0.2731
1215_1217,0.4058,1,0.233,0.4235,0.9258,0.2251,-0.0177
1271_1279,0.583,1,0.2173,0.459,0.9548,0.2038,0.124
1551_1552,0.3024,0.721,0.1871,0.6366,1,0.1841,-0.3342
1215_1239,0.4275,1,0.2365,0.4302,0.9933,0.232,-0.0027
1560_1561,0.2451,0.8028,0.1821,0.4711,1,0.2258,-0.226
1470_1471,0.4453,0.7356,0.1257,0.4758,1,0.235,-0.0305
1294_1295,0.3736,0.9921,0.2293,0.4153,1,0.2373,-0.0417
1290_1291,0.4288,1,0.2203,0.3595,0.7448,0.1359,0.0693
1305_1332,0.5294,1,0.2346,0.1339,0.2083,0.0431,0.3955
1217_1305,0.5471,1,0.242,0.206,0.4176,0.0902,0.3411
1305_1306,0.5394,1,0.2384,0.3114,0.7353,0.2084,0.228
1372_1373,0.5135,1,0.2248,0.4527,0.9995,0.2094,0.0608
1318_1319,0.337,1,0.2276,0.159,0.2917,0.0634,0.178
1516_1517,0.3493,1,0.2291,0.2178,0.4144,0.0965,0.1315
1393_1394,0.1731,0.4179,0.1044,0.3867,1,0.2244,-0.2136
1310_1311,0.3174,0.7017,0.1598,0.4601,1,0.1981,-0.1427
1262_1305,0.5377,1,0.2395,0.2965,0.424,0.0594,0.2412
1224_1260,0.4343,0.7996,0.1522,0.4074,1,0.2432,0.0269
1444_1445,0.3601,1,0.1849,0.3284,0.7457,0.1397,0.0317
1224_1225,0.1839,0.3415,0.0614,0.3837,1,0.2354,-0.1998
1210_1211,0.3812,0.638,0.1394,0.5721,1,0.2635,-0.1909
1434_1435,0.2922,1,0.2448,0.282,0.8053,0.2222,0.0102
1403_1428,0.2566,0.5787,0.1276,0.6962,1,0.177,-0.4396
1332_1426,0.2916,0.4458,0.0915,0.5032,1,0.2425,-0.2116
1595_1596,0.4719,0.8822,0.2125,0.4237,1,0.2268,0.0482
1313_1332,0.2597,0.4938,0.0994,0.3362,1,0.185,-0.0765
1331_1332,0.0752,0.1114,0.0234,0.2729,1,0.2171,-0.1977
1326_1327,0.3768,1,0.2147,0.3695,0.5774,0.0948,0.0073
1395_1396,0.3843,1,0.2499,0.2218,0.4689,0.1099,0.1625
1500_1501,0.2233,0.4636,0.1071,0.5973,1,0.2416,-0.374
1391_1392,0.4989,1,0.2517,0.3079,0.666,0.1632,0.191
1342_1343,0.366,0.9032,0.1967,0.4173,1,0.1886,-0.0513
1260_1292,0.2171,0.4825,0.1247,0.4494,1,0.2264,-0.2323
1296_1297,0.2289,0.3583,0.0702,0.3834,1,0.2108,-0.1545
1260_1339,0.2083,0.4752,0.1164,0.4657,1,0.2162,-0.2574
1525_1526,0.3814,1,0.2172,0.6302,0.982,0.1653,-0.2488
1262_1522,0.5642,1,0.2013,0.4114,0.6042,0.0843,0.1528
1576_1577,0.4698,0.789,0.144,0.6294,1,0.236,-0.1596
1331_1522,0.1925,0.3477,0.0681,0.2715,1,0.2189,-0.079
1217_1313,0.3815,1,0.2156,0.4161,0.9167,0.2347,-0.0346
1314_1315,0.613,1,0.2077,0.5062,0.9031,0.2209,0.1068
1262_1563,0.5907,1,0.205,0.2649,0.3617,0.053,0.3258
1567_1568,0.596,1,0.2177,0.2501,0.4462,0.0787,0.3459
1217_1349,0.2672,0.5881,0.1346,0.5919,1,0.1897,-0.3247
1351_1352,0.4924,1,0.1762,0.3754,0.6225,0.0843,0.117
1365_1542,0.614,1,0.1963,0.3297,0.722,0.1937,0.2843
1547_1548,0.5582,0.9104,0.1338,0.5265,1,0.2025,0.0317
1262_1263,0.4987,1,0.2274,0.3949,0.5929,0.0858,0.1038
1257_1258,0.2692,0.565,0.1226,0.3928,1,0.2279,-0.1236
1262_1281,0.5603,1,0.2123,0.5564,0.8953,0.1509,0.0039
1316_1317,0.5523,1,0.2017,0.5816,0.9931,0.2003,-0.0293
1451_1452,0.4135,0.7828,0.206,0.4924,1,0.1826,-0.0789
1449_1450,0.3569,1,0.2479,0.1811,0.3781,0.0808,0.1758
636_644,0.6887,1,0.1881,0.2395,0.3428,0.0571,0.4492
635_643,0.4635,1,0.2377,0.276,0.4654,0.1013,0.1875
634_642,0.3279,0.5268,0.1019,0.6521,1,0.1974,-0.3242
640_648,0.3352,0.5112,0.0626,0.6598,1,0.1706,-0.3246
637_645,0.6726,1,0.1914,0.2993,0.5833,0.1319,0.3733
641_649,0.581,1,0.2058,0.4383,0.6988,0.1435,0.1427
639_647,0.5093,1,0.2542,0.3645,0.6282,0.1242,0.1448
638_646,0.6394,1,0.1882,0.0766,0.1128,0.0191,0.5628
1809_1816,0.3405,0.6301,0.1357,0.2308,1,0.1919,0.1097
1803_1811,0.1559,0.3266,0.058,0.3189,1,0.1877,-0.163
1813_1815,0.1569,0.653,0.1079,0.2406,1,0.2352,-0.0837
1821_1829,0.1709,0.4779,0.0967,0.2938,1,0.2295,-0.1229
1809_1818,0.2636,1,0.1837,0.4343,0.8246,0.1776,-0.1707
1818_1833,0.2636,1,0.1837,0.4343,0.8246,0.1776,-0.1707
1806_1827,0.1569,0.653,0.1079,0.2406,1,0.2352,-0.0837
1806_1815,0.1569,0.653,0.1079,0.2406,1,0.2352,-0.0837
1807_1819,0.45,1,0.2029,0.2397,0.6334,0.1008,0.2103
1811_1819,0.1559,0.3266,0.058,0.3189,1,0.1877,-0.163
1822_1831,0.3328,1,0.2462,0.2208,0.7087,0.1488,0.112
1829_1831,0.1709,0.4779,0.0967,0.2938,1,0.2295,-0.1229
167_178,0.4353,0.9632,0.2121,0.4031,1,0.1696,0.0322
167_179,0.4021,0.8055,0.2027,0.3105,1,0.1854,0.0916
167_180,0.3193,0.8144,0.156,0.4447,1,0.1431,-0.1254
167_181,0.5241,1,0.2727,0.2117,0.7156,0.1431,0.3124
167_182,0.4856,1,0.2383,0.5033,0.9098,0.1519,-0.0177
167_183,0.285,0.561,0.1466,0.2073,1,0.1766,0.0777
167_184,0.2639,0.5151,0.1413,0.1624,1,0.1633,0.1015
167_185,0.3632,0.7177,0.1874,0.2603,1,0.2286,0.1029
167_186,0.4973,1,0.2698,0.3236,0.8286,0.1365,0.1737
167_187,0.4538,0.8808,0.2413,0.2575,1,0.1882,0.1963
167_188,0.4774,1,0.2423,0.1736,0.3409,0.0639,0.3038
167_189,0.4776,1,0.2642,0.2817,0.7763,0.1745,0.1959
168_178,0.5594,1,0.1963,0.2684,0.4165,0.0682,0.291
168_179,0.5509,1,0.2045,0.2417,0.569,0.1115,0.3092
168_180,0.5699,1,0.1842,0.3919,0.595,0.1158,0.178
168_181,0.5202,1,0.2114,0.1044,0.2386,0.0449,0.4158
168_182,0.5478,1,0.197,0.2946,0.4733,0.0729,0.2532
168_183,0.5501,1,0.209,0.2178,0.657,0.1194,0.3323
168_184,0.5227,1,0.2211,0.1507,0.6177,0.0975,0.372
168_185,0.5292,1,0.2072,0.176,0.5302,0.109,0.3532
168_186,0.514,1,0.2149,0.1665,0.3331,0.0481,0.3475
168_187,0.5223,1,0.219,0.1446,0.4179,0.0705,0.3777
168_188,0.5296,1,0.2015,0.1283,0.2402,0.0477,0.4013
168_189,0.5459,1,0.2171,0.1882,0.4589,0.0964,0.3577
169_178,0.5946,1,0.2293,0.3518,0.524,0.0931,0.2428
169_179,0.5868,1,0.2301,0.3089,0.7243,0.1556,0.2779
169_180,0.5564,1,0.2198,0.4655,0.6992,0.1499,0.0909
169_181,0.5841,1,0.2406,0.132,0.302,0.0605,0.4521
169_182,0.5776,1,0.2287,0.3971,0.6698,0.1033,0.1805
169_183,0.5986,1,0.2361,0.294,0.8364,0.1691,0.3046
169_184,0.5379,1,0.2211,0.1758,0.7341,0.1156,0.3621
169_185,0.5919,1,0.2393,0.2552,0.7861,0.167,0.3367
169_186,0.5744,1,0.2422,0.2096,0.4159,0.0609,0.3648
169_187,0.5434,1,0.2232,0.1679,0.4836,0.0838,0.3755
169_188,0.5907,1,0.2391,0.1783,0.3748,0.0772,0.4124
169_189,0.5568,1,0.2323,0.2332,0.5901,0.129,0.3236
170_178,0.4372,1,0.1638,0.3421,0.6625,0.1148,0.0951
170_179,0.4643,1,0.1739,0.329,0.9588,0.1758,0.1353
170_181,0.4558,1,0.1856,0.1701,0.532,0.1011,0.2857
170_182,0.4446,1,0.1686,0.3993,0.6603,0.1048,0.0453
170_183,0.345,0.7416,0.1314,0.2287,1,0.175,0.1163
170_184,0.3437,0.6828,0.1328,0.1969,1,0.1658,0.1468
170_185,0.4505,1,0.1806,0.2702,0.9468,0.2095,0.1803
170_186,0.4701,1,0.1925,0.2899,0.6756,0.1068,0.1802
170_187,0.4973,1,0.1931,0.2675,0.9308,0.1692,0.2298
170_188,0.43,1,0.1761,0.1478,0.2598,0.0519,0.2822
170_189,0.4857,1,0.1856,0.2933,0.7706,0.168,0.1924
170_180,0.4304,1,0.1531,0.4869,0.8842,0.1369,-0.0565
171_178,0.2958,1,0.1705,0.3048,0.4533,0.0813,-0.009
171_179,0.3187,1,0.1668,0.3101,0.7794,0.171,0.0086
171_180,0.2891,1,0.172,0.3739,0.5613,0.1161,-0.0848
171_181,0.3328,1,0.1703,0.1464,0.3776,0.0745,0.1864
171_182,0.2958,1,0.1719,0.3657,0.6424,0.1027,-0.0699
171_183,0.3309,1,0.1642,0.3207,0.9792,0.2051,0.0102
171_184,0.3586,0.895,0.1485,0.2298,1,0.1593,0.1288
171_185,0.3164,1,0.1702,0.2684,0.8915,0.197,0.048
171_186,0.3482,1,0.1672,0.2482,0.52,0.0756,0.1
171_187,0.3926,1,0.1658,0.2329,0.7118,0.1203,0.1597
171_188,0.2901,1,0.1753,0.1524,0.349,0.0732,0.1377
171_189,0.3633,1,0.1573,0.2858,0.7153,0.1644,0.0775
172_178,0.438,1,0.1709,0.5087,0.8227,0.133,-0.0707
172_179,0.378,0.8376,0.156,0.3888,1,0.2014,-0.0108
172_180,0.4319,0.9861,0.1593,0.6808,1,0.2016,-0.2489
172_181,0.3859,1,0.1945,0.1867,0.5025,0.0966,0.1992
172_182,0.4304,1,0.1778,0.5723,0.9669,0.1517,-0.1419
172_183,0.2955,0.6681,0.1273,0.2935,1,0.1869,0.002
172_184,0.3355,0.9228,0.1793,0.2326,1,0.1632,0.1029
172_185,0.3497,0.8545,0.163,0.3049,1,0.2172,0.0448
172_186,0.3811,1,0.1949,0.2954,0.6359,0.0947,0.0857
172_187,0.3666,1,0.1942,0.2411,0.7532,0.1308,0.1255
172_188,0.4015,1,0.1832,0.2258,0.4565,0.0937,0.1757
172_189,0.4225,1,0.1902,0.3539,0.862,0.1913,0.0686
173_179,0.3963,1,0.1761,0.3488,0.7692,0.1853,0.0475
173_180,0.3779,1,0.1813,0.4506,0.6724,0.1555,-0.0727
173_181,0.3906,1,0.1736,0.1539,0.3307,0.068,0.2367
173_182,0.3756,1,0.1785,0.4353,0.7838,0.1244,-0.0597
173_183,0.4094,1,0.1759,0.3571,0.8919,0.2137,0.0523
173_184,0.4181,1,0.1654,0.2271,0.8437,0.1306,0.191
173_185,0.3871,1,0.1762,0.2989,0.9221,0.1994,0.0882
173_186,0.4012,1,0.1736,0.2454,0.4585,0.0635,0.1558
173_187,0.4171,1,0.1656,0.2166,0.5721,0.0951,0.2005
173_188,0.3655,1,0.1792,0.1982,0.4702,0.0991,0.1673
173_189,0.4198,1,0.1635,0.2995,0.7467,0.1664,0.1203
173_178,0.3804,1,0.1811,0.3711,0.5569,0.1027,0.0093
174_178,0.2853,0.5987,0.083,0.4898,1,0.1709,-0.2045
174_179,0.2267,0.3938,0.0517,0.3334,1,0.1915,-0.1067
174_180,0.2377,0.4997,0.0707,0.5134,1,0.152,-0.2757
174_181,0.4037,0.7751,0.1016,0.3087,1,0.1928,0.095
174_182,0.2966,0.5853,0.0788,0.5623,1,0.1735,-0.2657
174_183,0.1602,0.2635,0.0343,0.2336,1,0.1793,-0.0734
174_185,0.1995,0.3719,0.049,0.2714,1,0.2275,-0.0719
174_186,0.331,0.5444,0.0694,0.4066,1,0.1616,-0.0756
174_187,0.2606,0.4431,0.0576,0.2802,1,0.1826,-0.0196
174_188,0.4586,1,0.1369,0.3402,0.6767,0.1402,0.1184
174_189,0.3209,0.4601,0.0564,0.3852,1,0.2291,-0.0643
174_184,0.1619,0.2787,0.0364,0.1846,1,0.1628,-0.0227
176_178,0.3005,1,0.2059,0.2415,0.396,0.0635,0.059
176_179,0.3167,1,0.2085,0.2242,0.5789,0.1203,0.0925
176_180,0.2977,1,0.204,0.3238,0.4558,0.0994,-0.0261
176_181,0.3118,1,0.2133,0.1053,0.2981,0.0559,0.2065
176_182,0.299,1,0.2079,0.2799,0.4686,0.0747,0.0191
176_183,0.3264,1,0.2086,0.2241,0.7497,0.1447,0.1023
176_184,0.3125,1,0.2085,0.1516,0.6452,0.1079,0.1609
176_185,0.3169,1,0.2137,0.1958,0.6324,0.1384,0.1211
176_186,0.3182,1,0.2146,0.1671,0.3461,0.0527,0.1511
176_187,0.3154,1,0.2093,0.1418,0.4762,0.0783,0.1736
176_188,0.2978,1,0.2132,0.1205,0.2567,0.0538,0.1773
176_189,0.4181,1,0.2264,0.2466,0.5992,0.1378,0.1715
177_178,0.5447,1,0.1972,0.4788,0.6816,0.1243,0.0659
177_179,0.4231,1,0.1774,0.3161,0.7116,0.1571,0.107
177_180,0.5215,1,0.1856,0.5773,0.8365,0.1876,-0.0558
177_181,0.3131,1,0.1751,0.1005,0.2168,0.0419,0.2126
177_182,0.4681,1,0.1887,0.4561,0.7999,0.1281,0.012
177_183,0.3879,1,0.1749,0.2765,0.7185,0.1563,0.1114
177_184,0.2793,1,0.1743,0.123,0.4638,0.0723,0.1563
177_185,0.3677,1,0.1769,0.2285,0.6973,0.1479,0.1392
177_186,0.2888,1,0.1747,0.1437,0.2751,0.0385,0.1451
177_187,0.2792,1,0.1742,0.1171,0.3176,0.0521,0.1621
177_188,0.4131,1,0.1842,0.1885,0.4197,0.0863,0.2246
177_189,0.3213,1,0.1699,0.1841,0.4451,0.0973,0.1372
166_178,0.509,0.986,0.1638,0.4879,1,0.1642,0.0211
166_179,0.4053,0.6802,0.1125,0.3495,1,0.186,0.0558
166_180,0.3898,0.7646,0.1327,0.5264,1,0.1514,-0.1366
166_181,0.576,1,0.1608,0.261,0.7589,0.1473,0.315
166_182,0.5274,0.9563,0.1575,0.5775,1,0.161,-0.0501
166_183,0.2991,0.4884,0.0812,0.2455,1,0.1765,0.0536
166_184,0.2646,0.406,0.0665,0.1895,1,0.1617,0.0751
166_185,0.3754,0.651,0.1082,0.2828,1,0.2209,0.0926
166_186,0.5681,0.9036,0.1557,0.4244,1,0.1566,0.1437
166_187,0.4376,0.6814,0.1099,0.2901,1,0.1812,0.1475
166_188,0.5223,1,0.1625,0.2288,0.4088,0.0828,0.2935
166_189,0.5164,0.8608,0.1475,0.3769,1,0.2166,0.1395
175_178,0.2923,1,0.1307,0.3156,0.829,0.1679,-0.0233
175_179,0.2849,0.7469,0.1,0.28,1,0.1731,0.0049
175_180,0.2767,1,0.1297,0.4055,0.9713,0.1449,-0.1288
175_181,0.2873,1,0.1343,0.1896,0.7041,0.1385,0.0977
175_182,0.3045,1,0.1319,0.3646,0.6804,0.12,-0.0601
175_183,0.1757,0.4458,0.0601,0.1724,1,0.1735,0.0033
175_184,0.1748,0.5231,0.0708,0.1653,1,0.166,0.0095
175_185,0.2372,0.7877,0.1061,0.2498,1,0.2309,-0.0126
175_186,0.3517,0.9393,0.1295,0.3758,1,0.1678,-0.0241
175_187,0.2775,0.8141,0.11,0.252,1,0.1896,0.0255
175_188,0.2523,1,0.1336,0.1175,0.2781,0.0441,0.1348
175_189,0.4219,0.811,0.12,0.376,1,0.2289,0.0459
370_380,0.6747,1,0.2152,0.5044,0.8484,0.1522,0.1703
371_392,0.4192,0.7588,0.1605,0.4263,1,0.1979,-0.0071
372_396,0.2944,0.579,0.1324,0.3654,1,0.2286,-0.071
373_382,0.3595,1,0.1838,0.2205,0.3728,0.0769,0.139
374_393,0.3844,0.561,0.0963,0.3176,1,0.1979,0.0668
375_387,0.5022,1,0.2298,0.4374,0.7732,0.1645,0.0648
376_390,0.4243,0.8085,0.1911,0.5224,1,0.1977,-0.0981
377_389,0.6068,1,0.1974,0.374,0.7652,0.1764,0.2328
378_395,0.6467,1,0.2303,0.2313,0.4287,0.0861,0.4154
379_384,0.2428,0.3629,0.0652,0.39,1,0.1979,-0.1472
381_391,0.5451,0.9158,0.184,0.5616,1,0.2359,-0.0165
383_394,0.4581,1,0.236,0.5666,0.8257,0.1637,-0.1085
385_388,0.1885,0.4989,0.1302,0.4234,1,0.2236,-0.2349
386_397,0.4375,1,0.2441,0.169,0.2675,0.0606,0.2685
853_854,0.39,1,0.2148,0.2899,0.9694,0.1887,0.1001
852_854,0.39,1,0.2148,0.2899,0.9694,0.1887,0.1001
853_855,0.2891,0.7465,0.1308,0.41,1,0.2057,-0.1209
836_841,0.5558,1,0.2263,0.5458,0.8976,0.2163,0.01
835_841,0.5558,1,0.2263,0.5458,0.8976,0.2163,0.01
836_840,0.3042,0.5499,0.1211,0.3398,1,0.1891,-0.0356
849_866,0.2387,0.5005,0.0974,0.6854,1,0.1632,-0.4467
851_866,0.2387,0.5005,0.0974,0.6854,1,0.1632,-0.4467
849_862,0.7439,1,0.168,0.2579,0.4564,0.0996,0.486
843_869,0.216,0.4653,0.1103,0.481,1,0.2179,-0.265
842_869,0.216,0.4653,0.1103,0.481,1,0.2179,-0.265
843_870,0.4895,1,0.2131,0.223,0.4549,0.1115,0.2665
330_339,0.5703,1,0.2119,0.5592,0.9716,0.2091,0.0111
331_335,0.244,0.6698,0.0932,0.5027,1,0.2148,-0.2587
332_338,0.4614,0.7861,0.1087,0.637,1,0.2137,-0.1756
333_340,0.2034,0.5409,0.0797,0.4459,1,0.2411,-0.2425
334_336,0.4332,0.5781,0.0802,0.4985,1,0.2004,-0.0653
337_341,0.398,1,0.2537,0.2319,0.3931,0.0575,0.1661
342_350,0.6187,1,0.1557,0.5705,0.8403,0.1668,0.0482
343_351,0.3867,0.637,0.1318,0.5264,1,0.209,-0.1397
344_347,0.6141,1,0.2177,0.3128,0.5027,0.0795,0.3013
345_352,0.5343,1,0.1724,0.5276,0.9734,0.1709,0.0067
346_348,0.6235,1,0.2051,0.3737,0.7062,0.1149,0.2498
349_353,0.4041,0.997,0.2182,0.588,1,0.1875,-0.1839
190_276,0.2317,0.3688,0.064,0.666,1,0.229,-0.4343
200_279,0.5634,1,0.2128,0.1637,0.279,0.0548,0.3997
201_282,0.5592,1,0.2055,0.1967,0.5017,0.1148,0.3625
202_288,0.3868,1,0.2178,0.1713,0.2795,0.045,0.2155
199_273,0.3923,1,0.2343,0.1274,0.2604,0.0477,0.2649
204_236,0.3146,0.5707,0.1467,0.3746,1,0.2225,-0.06
203_235,0.5008,1,0.249,0.407,0.7679,0.1837,0.0938
195_219,0.3997,0.9822,0.2065,0.4412,1,0.2536,-0.0415
196_220,0.4909,1,0.2453,0.2476,0.641,0.1627,0.2433
195_221,0.3997,0.9822,0.2065,0.4412,1,0.2536,-0.0415
196_222,0.4909,1,0.2453,0.2476,0.641,0.1627,0.2433
231_270,0.539,1,0.227,0.3867,0.7087,0.1636,0.1523
232_271,0.5483,1,0.2454,0.4909,0.9242,0.2229,0.0574
234_279,0.5634,1,0.2128,0.1637,0.279,0.0548,0.3997
233_291,0.4685,1,0.1981,0.2459,0.3973,0.0805,0.2226
236_254,0.3833,1,0.2117,0.3232,0.5808,0.1552,0.0601
235_253,0.4332,0.778,0.1822,0.5326,1,0.2656,-0.0994
238_254,0.3833,1,0.2117,0.3232,0.5808,0.1552,0.0601
237_253,0.4332,0.778,0.1822,0.5326,1,0.2656,-0.0994
246_290,0.1639,0.2796,0.0459,0.37,1,0.2197,-0.2061
245_277,0.092,0.1969,0.0422,0.4509,1,0.2482,-0.3589
258_291,0.4685,1,0.1981,0.2459,0.3973,0.0805,0.2226
256_280,0.4658,1,0.2478,0.1015,0.1916,0.0408,0.3643
259_287,0.4425,1,0.2437,0.1853,0.3311,0.0652,0.2572
257_283,0.4064,1,0.2318,0.2068,0.3687,0.0864,0.1996
261_288,0.3868,1,0.2178,0.1713,0.2795,0.045,0.2155
260_280,0.4658,1,0.2478,0.1015,0.1916,0.0408,0.3643
262_285,0.1494,0.2531,0.0509,0.5031,1,0.1964,-0.3537
263_289,0.171,0.4578,0.1102,0.5023,1,0.2001,-0.3313
264_290,0.1639,0.2796,0.0459,0.37,1,0.2197,-0.2061
265_284,0.2679,0.4129,0.0812,0.5076,1,0.2203,-0.2397
191_274,0.3473,0.6486,0.149,0.4912,1,0.2257,-0.1439
194_281,0.2263,0.4448,0.1144,0.4249,1,0.2298,-0.1986
192_275,0.4661,0.8084,0.2085,0.5255,1,0.2386,-0.0594
193_285,0.1494,0.2531,0.0509,0.5031,1,0.1964,-0.3537
205_223,0.4716,1,0.2936,0.3398,0.6449,0.1476,0.1318
206_224,0.4751,1,0.279,0.2546,0.5944,0.1538,0.2205
208_271,0.5483,1,0.2454,0.4909,0.9242,0.2229,0.0574
207_270,0.539,1,0.227,0.3867,0.7087,0.1636,0.1523
210_287,0.4425,1,0.2437,0.1853,0.3311,0.0652,0.2572
209_273,0.3923,1,0.2343,0.1274,0.2604,0.0477,0.2649
205_225,0.3673,0.6547,0.1453,0.4763,1,0.2764,-0.109
206_226,0.25,0.6481,0.1568,0.4536,1,0.2916,-0.2036
223_239,0.4716,1,0.2936,0.3398,0.6449,0.1476,0.1318
224_240,0.4751,1,0.279,0.2546,0.5944,0.1538,0.2205
255_272,0.3816,1,0.22,0.4148,0.7793,0.1713,-0.0332
197_219,0.448,1,0.2659,0.4073,0.8946,0.1858,0.0407
198_220,0.235,0.6461,0.1714,0.4674,1,0.244,-0.2324
211_227,0.3352,0.6984,0.176,0.4645,1,0.2607,-0.1293
212_228,0.5032,1,0.2649,0.3763,0.9326,0.2034,0.1269
214_228,0.5032,1,0.2649,0.3763,0.9326,0.2034,0.1269
213_227,0.3352,0.6984,0.176,0.4645,1,0.2607,-0.1293
216_277,0.092,0.1969,0.0422,0.4509,1,0.2482,-0.3589
218_284,0.2679,0.4129,0.0812,0.5076,1,0.2203,-0.2397
217_281,0.2263,0.4448,0.1144,0.4249,1,0.2298,-0.1986
215_278,0.1418,0.317,0.0563,0.4288,1,0.2453,-0.287
212_230,0.3307,0.8204,0.1708,0.4532,1,0.2328,-0.1225
211_229,0.4805,1,0.264,0.3482,0.7308,0.191,0.1323
242_283,0.4064,1,0.2318,0.2068,0.3687,0.0864,0.1996
244_288,0.3868,1,0.2178,0.1713,0.2795,0.045,0.2155
243_282,0.5592,1,0.2055,0.1967,0.5017,0.1148,0.3625
241_280,0.4658,1,0.2478,0.1015,0.1916,0.0408,0.3643
250_286,0.2122,0.3507,0.0635,0.4968,1,0.2536,-0.2846
252_284,0.2679,0.4129,0.0812,0.5076,1,0.2203,-0.2397
251_290,0.1639,0.2796,0.0459,0.37,1,0.2197,-0.2061
247_274,0.3473,0.6486,0.149,0.4912,1,0.2257,-0.1439
248_277,0.092,0.1969,0.0422,0.4509,1,0.2482,-0.3589
249_281,0.2263,0.4448,0.1144,0.4249,1,0.2298,-0.1986
266_275,0.4661,0.8084,0.2085,0.5255,1,0.2386,-0.0594
269_286,0.2122,0.3507,0.0635,0.4968,1,0.2536,-0.2846
268_289,0.171,0.4578,0.1102,0.5023,1,0.2001,-0.3313
267_278,0.1418,0.317,0.0563,0.4288,1,0.2453,-0.287
586_602,0.4659,1,0.2234,0.287,0.448,0.0919,0.1789
578_594,0.5048,0.9064,0.1385,0.4093,1,0.2661,0.0955
590_591,0.1665,0.4084,0.1114,0.3611,1,0.2754,-0.1946
584_585,0.3244,0.5229,0.0961,0.7459,1,0.1661,-0.4215
588_589,0.5438,1,0.2056,0.3248,0.6363,0.154,0.219
580_581,0.2287,0.4414,0.1198,0.4579,1,0.2213,-0.2292
582_583,0.5017,1,0.2577,0.26,0.5304,0.113,0.2417
592_593,0.5498,1,0.1996,0.2356,0.3902,0.0834,0.3142
572_588,0.5438,1,0.2056,0.3248,0.6363,0.154,0.219
576_592,0.2288,0.3791,0.0854,0.5303,1,0.2001,-0.3015
582_598,0.5017,1,0.2577,0.26,0.5304,0.113,0.2417
578_579,0.5048,0.9064,0.1385,0.4093,1,0.2661,0.0955
602_603,0.27,0.4111,0.0872,0.4548,1,0.2246,-0.1848
574_590,0.1665,0.4084,0.1114,0.3611,1,0.2754,-0.1946
596_597,0.5009,1,0.2298,0.2485,0.5172,0.1331,0.2524
572_573,0.3399,0.6373,0.1634,0.5652,1,0.1991,-0.2253
580_596,0.5009,1,0.2298,0.2485,0.5172,0.1331,0.2524
584_600,0.7377,1,0.1681,0.3205,0.5335,0.0925,0.4172
586_587,0.4659,1,0.2234,0.287,0.448,0.0919,0.1789
594_595,0.4443,1,0.2901,0.5509,0.9717,0.1492,-0.1066
576_577,0.2288,0.3791,0.0854,0.5303,1,0.2001,-0.3015
598_599,0.2725,0.5537,0.1149,0.5219,1,0.2569,-0.2494
600_601,0.7377,1,0.1681,0.3205,0.5335,0.0925,0.4172
574_575,0.3746,1,0.28,0.1734,0.437,0.1145,0.2012
704_712,0.3399,0.6373,0.1634,0.5652,1,0.1991,-0.2253
705_713,0.2799,0.6856,0.1806,0.5282,1,0.245,-0.2483
706_714,0.3746,1,0.28,0.1734,0.437,0.1145,0.2012
707_715,0.2288,0.3791,0.0854,0.5303,1,0.2001,-0.3015
708_716,0.4659,1,0.2234,0.287,0.448,0.0919,0.1789
709_717,0.3244,0.5229,0.0961,0.7459,1,0.1661,-0.4215
710_718,0.4909,0.7426,0.1447,0.4315,1,0.1844,0.0594
711_719,0.5549,1,0.2308,0.2319,0.3929,0.0919,0.323
752_760,0.4435,1,0.1688,0.3359,0.5006,0.0945,0.1076
753_761,0.2287,0.4414,0.1198,0.4579,1,0.2213,-0.2292
754_762,0.1394,0.2062,0.0336,0.2509,1,0.2432,-0.1115
755_763,0.5017,1,0.2577,0.26,0.5304,0.113,0.2417
756_764,0.7032,1,0.189,0.4096,0.7236,0.1132,0.2936
757_765,0.5048,0.9064,0.1385,0.4093,1,0.2661,0.0955
758_766,0.2,0.3711,0.0835,0.5258,1,0.232,-0.3258
759_767,0.3638,1,0.237,0.2838,0.472,0.0588,0.08
736_744,0.3399,0.6373,0.1634,0.5652,1,0.1991,-0.2253
737_745,0.2799,0.6856,0.1806,0.5282,1,0.245,-0.2483
738_746,0.3746,1,0.28,0.1734,0.437,0.1145,0.2012
739_747,0.2288,0.3791,0.0854,0.5303,1,0.2001,-0.3015
740_748,0.4659,1,0.2234,0.287,0.448,0.0919,0.1789
741_749,0.3244,0.5229,0.0961,0.7459,1,0.1661,-0.4215
742_750,0.4909,0.7426,0.1447,0.4315,1,0.1844,0.0594
743_751,0.5549,1,0.2308,0.2319,0.3929,0.0919,0.323
720_728,0.4435,1,0.1688,0.3359,0.5006,0.0945,0.1076
721_729,0.2287,0.4414,0.1198,0.4579,1,0.2213,-0.2292
722_730,0.1394,0.2062,0.0336,0.2509,1,0.2432,-0.1115
723_731,0.5017,1,0.2577,0.26,0.5304,0.113,0.2417
724_732,0.7032,1,0.189,0.4096,0.7236,0.1132,0.2936
725_733,0.5048,0.9064,0.1385,0.4093,1,0.2661,0.0955
726_734,0.2,0.3711,0.0835,0.5258,1,0.232,-0.3258
727_735,0.3638,1,0.237,0.2838,0.472,0.0588,0.08
16_33,0.4026,0.7699,0.1822,0.6183,1,0.1708,-0.2157
17_39,0.3665,0.7197,0.1521,0.5693,1,0.2173,-0.2028
18_21,0.4901,0.7317,0.1573,0.3739,1,0.2436,0.1162
19_23,0.3991,0.7537,0.1522,0.6513,1,0.2055,-0.2522
16_20,0.5021,1,0.2459,0.2031,0.4003,0.0898,0.299
21_32,0.387,1,0.2481,0.4063,0.498,0.0431,-0.0193
17_40,0.337,0.6569,0.1407,0.3226,1,0.2573,0.0144
16_22,0.5527,1,0.2531,0.3008,0.5429,0.1258,0.2519
23_30,0.6325,1,0.2014,0.3642,0.7826,0.1973,0.2683
21_28,0.2533,0.6288,0.1521,0.3567,1,0.2262,-0.1034
23_24,0.338,0.8333,0.1866,0.6149,1,0.2065,-0.2769
21_25,0.4923,0.7524,0.1762,0.3734,1,0.243,0.1189
17_26,0.5714,1,0.2171,0.3724,0.7686,0.1652,0.199
17_27,0.421,1,0.2763,0.2277,0.4611,0.1003,0.1933
23_41,0.5983,1,0.2019,0.33,0.8189,0.1828,0.2683
16_42,0.422,0.8056,0.1903,0.644,1,0.1696,-0.222
23_34,0.6373,1,0.1997,0.3901,0.7252,0.1487,0.2472
16_29,0.4739,1,0.2258,0.1995,0.393,0.0887,0.2744
16_43,0.3011,0.5431,0.1275,0.5555,1,0.2541,-0.2544
17_31,0.3251,1,0.2582,0.343,0.6936,0.1531,-0.0179
16_17,0.3072,0.6313,0.1412,0.4617,1,0.2171,-0.1545
21_23,0.5663,1,0.2056,0.2491,0.6265,0.1481,0.3172
27_31,0.2075,0.624,0.1582,0.4198,1,0.2794,-0.2123
30_32,0.5193,0.6983,0.0899,0.4723,1,0.2575,0.047
29_33,0.2437,0.3461,0.0654,0.4801,1,0.2503,-0.2364
25_34,0.6185,0.8888,0.1783,0.6642,1,0.2004,-0.0457
26_43,0.5815,1,0.2039,0.444,0.7902,0.1987,0.1375
24_28,0.3546,0.9213,0.2025,0.4018,1,0.239,-0.0472
35_41,0.5983,1,0.2019,0.33,0.8189,0.1828,0.2683
32_36,0.387,1,0.2481,0.4063,0.498,0.0431,-0.0193
27_37,0.421,1,0.2763,0.2277,0.4611,0.1003,0.1933
20_38,0.5021,1,0.2459,0.2031,0.4003,0.0898,0.299
19_35,0.3991,0.7537,0.1522,0.6513,1,0.2055,-0.2522
37_39,0.3665,0.7197,0.1521,0.5693,1,0.2173,-0.2028
30_35,0.3711,0.8827,0.2048,0.6446,1,0.2053,-0.2735
38_42,0.422,0.8056,0.1903,0.644,1,0.1696,-0.222
37_40,0.337,0.6569,0.1407,0.3226,1,0.2573,0.0144
29_38,0.4739,1,0.2258,0.1995,0.393,0.0887,0.2744
26_37,0.5714,1,0.2171,0.3724,0.7686,0.1652,0.199
25_36,0.4923,0.7524,0.1762,0.3734,1,0.243,0.1189
28_36,0.3608,1,0.2273,0.2594,0.6559,0.1578,0.1014
31_37,0.3251,1,0.2582,0.343,0.6936,0.1531,-0.0179
33_38,0.4026,0.7699,0.1822,0.6183,1,0.1708,-0.2157
34_35,0.6373,1,0.1997,0.3901,0.7252,0.1487,0.2472
38_43,0.3011,0.5431,0.1275,0.5555,1,0.2541,-0.2544
24_35,0.338,0.8333,0.1866,0.6149,1,0.2065,-0.2769
22_38,0.5527,1,0.2531,0.3008,0.5429,0.1258,0.2519
18_36,0.4901,0.7317,0.1573,0.3739,1,0.2436,0.1162
35_36,0.5663,1,0.2056,0.2491,0.6265,0.1481,0.3172
37_38,0.484,1,0.2158,0.3273,0.6734,0.1489,0.1567
21_33,0.2684,0.6698,0.1582,0.6079,1,0.1714,-0.3395
23_39,0.3552,0.5953,0.1193,0.5817,1,0.2071,-0.2265
16_18,0.4566,0.6796,0.1474,0.4847,1,0.2365,-0.0281
17_19,0.2936,0.5002,0.1011,0.5209,1,0.2327,-0.2273
20_21,0.5031,1,0.2483,0.1423,0.351,0.0798,0.3608
16_32,0.5221,1,0.2308,0.3941,0.4885,0.0417,0.128
23_40,0.319,0.5228,0.1041,0.3211,1,0.2581,-0.0021
21_22,0.5507,1,0.2529,0.211,0.5172,0.1183,0.3397
17_30,0.5165,1,0.213,0.2836,0.6767,0.1546,0.2329
16_28,0.3494,0.6168,0.1473,0.3507,1,0.2229,-0.0013
17_24,0.2509,0.5458,0.1304,0.4937,1,0.223,-0.2428
16_25,0.4623,0.7052,0.166,0.4843,1,0.2364,-0.022
23_26,0.5829,1,0.2074,0.3574,0.5846,0.1194,0.2255
23_27,0.4104,1,0.2739,0.2071,0.3325,0.0672,0.2033
17_41,0.5121,1,0.2171,0.2664,0.5928,0.1402,0.2457
21_42,0.2929,0.7283,0.1723,0.6608,1,0.1695,-0.3679
17_34,0.5336,1,0.2219,0.3038,0.5008,0.1036,0.2298
21_29,0.4746,1,0.2266,0.1412,0.3496,0.0797,0.3334
21_43,0.2157,0.5171,0.1188,0.5674,1,0.2592,-0.3517
23_31,0.324,1,0.2596,0.3217,0.5137,0.1047,0.0023
33_36,0.2684,0.6698,0.1582,0.6079,1,0.1714,-0.3395
35_39,0.3552,0.5953,0.1193,0.5817,1,0.2071,-0.2265
18_38,0.4566,0.6796,0.1474,0.4847,1,0.2365,-0.0281
19_37,0.2936,0.5002,0.1011,0.5209,1,0.2327,-0.2273
20_36,0.5031,1,0.2483,0.1423,0.351,0.0798,0.3608
32_38,0.5221,1,0.2308,0.3941,0.4885,0.0417,0.128
35_40,0.319,0.5228,0.1041,0.3211,1,0.2581,-0.0021
22_36,0.5507,1,0.2529,0.211,0.5172,0.1183,0.3397
30_37,0.5165,1,0.213,0.2836,0.6767,0.1546,0.2329
28_38,0.3494,0.6168,0.1473,0.3507,1,0.2229,-0.0013
24_37,0.2509,0.5458,0.1304,0.4937,1,0.223,-0.2428
25_38,0.4623,0.7052,0.166,0.4843,1,0.2364,-0.022
26_35,0.5829,1,0.2074,0.3574,0.5846,0.1194,0.2255
27_35,0.4104,1,0.2739,0.2071,0.3325,0.0672,0.2033
37_41,0.5121,1,0.2171,0.2664,0.5928,0.1402,0.2457
36_42,0.2929,0.7283,0.1723,0.6608,1,0.1695,-0.3679
34_37,0.5336,1,0.2219,0.3038,0.5008,0.1036,0.2298
29_36,0.4746,1,0.2266,0.1412,0.3496,0.0797,0.3334
36_43,0.2157,0.5171,0.1188,0.5674,1,0.2592,-0.3517
31_35,0.324,1,0.2596,0.3217,0.5137,0.1047,0.0023
1144_1145,0.6111,1,0.2221,0.5356,0.8585,0.1498,0.0755
1146_1147,0.4823,1,0.2358,0.2671,0.5047,0.1066,0.2152
1148_1149,0.4112,0.8637,0.1988,0.5477,1,0.1742,-0.1365
1149_1150,0.4635,0.7252,0.1294,0.5635,1,0.2267,-0.1
1151_1152,0.3132,0.6641,0.1458,0.4505,1,0.2676,-0.1373
1144_1153,0.4818,1,0.2579,0.4515,0.8294,0.148,0.0303
1151_1154,0.4925,0.812,0.1619,0.4978,1,0.2309,-0.0053
1147_1155,0.2806,0.5033,0.1148,0.4216,1,0.2234,-0.141
1149_1156,0.4195,0.6425,0.1018,0.4404,1,0.2632,-0.0209
1151_1157,0.2199,0.4031,0.0892,0.6442,1,0.2238,-0.4243
1151_1158,0.4887,0.8635,0.2018,0.5514,1,0.2498,-0.0627
1144_1159,0.4079,1,0.2054,0.4056,0.5506,0.0843,0.0023
1147_1160,0.2658,0.5228,0.1143,0.6085,1,0.2097,-0.3427
1149_1161,0.4974,1,0.2064,0.4,0.6737,0.1196,0.0974
1144_1162,0.6739,0.9908,0.22,0.6391,1,0.2257,0.0348
1147_1163,0.3581,1,0.1982,0.1698,0.3288,0.0707,0.1883
1145_1164,0.5383,1,0.2317,0.5707,0.8273,0.1479,-0.0324
1146_1165,0.4772,1,0.2311,0.5279,0.9637,0.1656,-0.0507
1148_1166,0.4718,0.9777,0.2212,0.513,1,0.1828,-0.0412
1150_1166,0.3422,0.6136,0.1253,0.4955,1,0.2159,-0.1533
1152_1167,0.2394,0.4212,0.0985,0.4742,1,0.2733,-0.2348
1153_1164,0.4984,0.9679,0.2612,0.4481,1,0.2244,0.0503
1154_1167,0.62,1,0.1907,0.4605,0.8038,0.1854,0.1595
1155_1165,0.545,0.8726,0.1476,0.4245,1,0.2228,0.1205
1156_1166,0.3855,0.7739,0.1563,0.4751,1,0.2743,-0.0896
1157_1167,0.1472,0.2592,0.0574,0.6303,1,0.2253,-0.4831
1158_1167,0.5597,0.9956,0.2298,0.4613,1,0.2326,0.0984
1159_1164,0.5033,1,0.2135,0.5894,0.8042,0.1219,-0.0861
1160_1165,0.5377,0.8045,0.13,0.6379,1,0.2144,-0.1002
1161_1166,0.4904,1,0.2062,0.3313,0.536,0.1091,0.1591
1162_1164,0.649,0.9896,0.2211,0.514,1,0.2319,0.135
1163_1165,0.3746,1,0.195,0.3485,0.5918,0.0989,0.0261
1148_1168,0.4112,0.8637,0.1988,0.5477,1,0.1742,-0.1365
1150_1168,0.4635,0.7252,0.1294,0.5635,1,0.2267,-0.1
1152_1169,0.3132,0.6641,0.1458,0.4505,1,0.2676,-0.1373
1154_1169,0.4925,0.812,0.1619,0.4978,1,0.2309,-0.0053
1156_1168,0.4195,0.6425,0.1018,0.4404,1,0.2632,-0.0209
1157_1169,0.2199,0.4031,0.0892,0.6442,1,0.2238,-0.4243
1158_1169,0.4887,0.8635,0.2018,0.5514,1,0.2498,-0.0627
1161_1168,0.4974,1,0.2064,0.4,0.6737,0.1196,0.0974
1148_1170,0.4718,0.9777,0.2212,0.513,1,0.1828,-0.0412
1150_1170,0.3422,0.6136,0.1253,0.4955,1,0.2159,-0.1533
1152_1171,0.2394,0.4212,0.0985,0.4742,1,0.2733,-0.2348
1154_1171,0.62,1,0.1907,0.4605,0.8038,0.1854,0.1595
1156_1170,0.3855,0.7739,0.1563,0.4751,1,0.2743,-0.0896
1157_1171,0.1472,0.2592,0.0574,0.6303,1,0.2253,-0.4831
1158_1171,0.5597,0.9956,0.2298,0.4613,1,0.2326,0.0984
1161_1170,0.4904,1,0.2062,0.3313,0.536,0.1091,0.1591
1145_1147,0.4289,0.8136,0.1905,0.6219,1,0.1696,-0.193
1144_1146,0.4874,1,0.2322,0.455,0.8193,0.1509,0.0324
1148_1151,0.484,1,0.2232,0.4603,0.9827,0.2203,0.0237
1150_1151,0.2811,0.5077,0.1126,0.5092,1,0.2268,-0.2281
1149_1152,0.4568,0.8712,0.1473,0.4676,1,0.2697,-0.0108
1147_1153,0.4771,1,0.2539,0.2903,0.5493,0.1167,0.1868
1149_1154,0.3904,0.6308,0.1187,0.5607,1,0.1808,-0.1703
1144_1155,0.4968,0.8052,0.1842,0.4433,1,0.2345,0.0535
1151_1156,0.3087,0.5803,0.1247,0.4559,1,0.2686,-0.1472
1149_1157,0.2939,0.4594,0.0782,0.6322,1,0.2249,-0.3383
1149_1158,0.4149,0.7351,0.1701,0.5553,1,0.2059,-0.1404
1147_1159,0.4735,1,0.2163,0.7233,0.9814,0.1498,-0.2498
1144_1160,0.4193,0.9326,0.1898,0.5981,1,0.2093,-0.1788
1151_1161,0.498,1,0.2102,0.2871,0.5596,0.1251,0.2109
1147_1162,0.6895,1,0.2204,0.3996,0.7143,0.1597,0.2899
1144_1163,0.352,1,0.2011,0.2448,0.5586,0.1064,0.1072
1145_1165,0.6127,1,0.1764,0.4591,0.7021,0.1174,0.1536
1146_1164,0.4871,1,0.2292,0.4184,0.8895,0.2001,0.0687
1148_1167,0.4719,1,0.2309,0.3291,0.6036,0.1355,0.1428
1150_1167,0.2508,0.4872,0.1122,0.5422,1,0.2231,-0.2914
1152_1166,0.3507,0.5529,0.1057,0.4695,1,0.274,-0.1188
1153_1165,0.4179,0.8375,0.2171,0.5176,1,0.1726,-0.0997
1154_1166,0.538,0.8952,0.1789,0.6332,1,0.215,-0.0952
1155_1164,0.4328,0.8099,0.1858,0.4625,1,0.2441,-0.0297
1156_1167,0.2183,0.4046,0.0874,0.4483,1,0.2673,-0.23
1157_1166,0.2451,0.3927,0.0872,0.6208,1,0.2253,-0.3757
1158_1166,0.4245,0.7515,0.1761,0.5743,1,0.223,-0.1498
1159_1165,0.6417,1,0.1541,0.5158,0.6905,0.1033,0.1259
1160_1164,0.3414,0.6337,0.1376,0.5943,1,0.2021,-0.2529
1161_1167,0.4926,1,0.2063,0.2023,0.3507,0.0756,0.2903
1162_1165,0.5337,0.7826,0.1738,0.5799,1,0.1828,-0.0462
1163_1164,0.3695,1,0.1958,0.2265,0.4774,0.1053,0.143
1148_1169,0.484,1,0.2232,0.4603,0.9827,0.2203,0.0237
1150_1169,0.2811,0.5077,0.1126,0.5092,1,0.2268,-0.2281
1152_1168,0.4568,0.8712,0.1473,0.4676,1,0.2697,-0.0108
1154_1168,0.3904,0.6308,0.1187,0.5607,1,0.1808,-0.1703
1156_1169,0.3087,0.5803,0.1247,0.4559,1,0.2686,-0.1472
1157_1168,0.2939,0.4594,0.0782,0.6322,1,0.2249,-0.3383
1158_1168,0.4149,0.7351,0.1701,0.5553,1,0.2059,-0.1404
1161_1169,0.498,1,0.2102,0.2871,0.5596,0.1251,0.2109
1148_1171,0.4719,1,0.2309,0.3291,0.6036,0.1355,0.1428
1150_1171,0.2508,0.4872,0.1122,0.5422,1,0.2231,-0.2914
1152_1170,0.3507,0.5529,0.1057,0.4695,1,0.274,-0.1188
1154_1170,0.538,0.8952,0.1789,0.6332,1,0.215,-0.0952
1156_1171,0.2183,0.4046,0.0874,0.4483,1,0.2673,-0.23
1157_1170,0.2451,0.3927,0.0872,0.6208,1,0.2253,-0.3757
1158_1170,0.4245,0.7515,0.1761,0.5743,1,0.223,-0.1498
1161_1171,0.4926,1,0.2063,0.2023,0.3507,0.0756,0.2903
1172_1173,0.3382,0.5259,0.0837,0.4573,1,0.2724,-0.1191
1174_1175,0.2919,1,0.2328,0.3631,0.727,0.1884,-0.0712
1176_1177,0.5001,0.7888,0.1636,0.3719,1,0.2677,0.1282
1178_1179,0.3222,0.5546,0.1079,0.5526,1,0.1945,-0.2304
1176_1180,0.3295,0.6032,0.0965,0.5686,1,0.2238,-0.2391
1179_1181,0.2939,0.4594,0.0782,0.6322,1,0.2249,-0.3383
1176_1182,0.5008,1,0.1961,0.3496,0.7659,0.197,0.1512
1176_1183,0.5247,1,0.2031,0.5133,0.8184,0.1576,0.0114
1176_1184,0.6135,1,0.1927,0.5441,0.9667,0.2124,0.0694
1179_1185,0.6129,1,0.1684,0.4343,0.7018,0.1329,0.1786
1179_1186,0.3136,0.8196,0.2233,0.4839,1,0.1831,-0.1703
1176_1187,0.3779,1,0.2662,0.422,0.6448,0.1405,-0.0441
1179_1188,0.6019,1,0.2027,0.4476,0.7774,0.1842,0.1543
1179_1189,0.4689,0.659,0.1073,0.5472,1,0.1697,-0.0783
1181_1190,0.2239,0.3634,0.0588,0.6623,1,0.2285,-0.4384
1182_1191,0.7203,1,0.152,0.4715,0.9871,0.2507,0.2488
1176_1192,0.5732,1,0.173,0.4654,0.7165,0.1576,0.1078
1185_1193,0.636,1,0.1838,0.5234,0.8241,0.1579,0.1126
1178_1194,0.6343,1,0.1928,0.3438,0.5152,0.0899,0.2905
1187_1188,0.2971,0.5236,0.1211,0.3632,1,0.2697,-0.0661
1177_1186,0.3212,1,0.2494,0.3254,0.8152,0.2296,-0.0042
1176_1179,0.5732,1,0.173,0.4654,0.7165,0.1576,0.1078
1172_1174,0.3852,0.6397,0.1225,0.3568,1,0.2505,0.0284
1173_1175,0.3684,0.7312,0.1889,0.465,1,0.2582,-0.0966
1177_1179,0.5552,1,0.1709,0.3408,0.8851,0.2427,0.2144
1176_1178,0.4307,0.7825,0.1508,0.6049,1,0.2173,-0.1742
1179_1180,0.3268,0.5546,0.0879,0.5552,1,0.2065,-0.2284
1176_1181,0.2451,0.3927,0.0872,0.6208,1,0.2253,-0.3757
1179_1182,0.5899,1,0.1619,0.3365,0.698,0.1895,0.2534
1179_1183,0.6079,1,0.1667,0.5086,0.8073,0.154,0.0993
1179_1184,0.5832,0.963,0.1833,0.5614,1,0.1938,0.0218
1176_1185,0.6021,1,0.2212,0.5001,0.8198,0.1636,0.102
1176_1186,0.3697,1,0.2708,0.4559,0.6733,0.132,-0.0862
1179_1187,0.3832,1,0.262,0.5345,0.9532,0.1784,-0.1513
1176_1188,0.5606,1,0.2203,0.4118,0.7127,0.1713,0.1488
1176_1189,0.4738,0.6619,0.1066,0.4406,1,0.1897,0.0332
1179_1195,0.4297,0.7061,0.1588,0.5243,1,0.1857,-0.0946
1177_1196,0.5001,0.7888,0.1636,0.3719,1,0.2677,0.1282
1178_1197,0.3222,0.5546,0.1079,0.5526,1,0.1945,-0.2304
1180_1196,0.3295,0.6032,0.0965,0.5686,1,0.2238,-0.2391
1181_1197,0.2939,0.4594,0.0782,0.6322,1,0.2249,-0.3383
1182_1196,0.5008,1,0.1961,0.3496,0.7659,0.197,0.1512
1183_1196,0.5247,1,0.2031,0.5133,0.8184,0.1576,0.0114
1184_1196,0.6135,1,0.1927,0.5441,0.9667,0.2124,0.0694
1185_1197,0.6129,1,0.1684,0.4343,0.7018,0.1329,0.1786
1186_1197,0.3136,0.8196,0.2233,0.4839,1,0.1831,-0.1703
1187_1196,0.3779,1,0.2662,0.422,0.6448,0.1405,-0.0441
1188_1197,0.6019,1,0.2027,0.4476,0.7774,0.1842,0.1543
1189_1197,0.4689,0.659,0.1073,0.5472,1,0.1697,-0.0783
1192_1196,0.5732,1,0.173,0.4654,0.7165,0.1576,0.1078
1196_1197,0.5732,1,0.173,0.4654,0.7165,0.1576,0.1078
1177_1197,0.5552,1,0.1709,0.3408,0.8851,0.2427,0.2144
1178_1196,0.4307,0.7825,0.1508,0.6049,1,0.2173,-0.1742
1180_1197,0.3268,0.5546,0.0879,0.5552,1,0.2065,-0.2284
1181_1196,0.2451,0.3927,0.0872,0.6208,1,0.2253,-0.3757
1182_1197,0.5899,1,0.1619,0.3365,0.698,0.1895,0.2534
1183_1197,0.6079,1,0.1667,0.5086,0.8073,0.154,0.0993
1184_1197,0.5832,0.963,0.1833,0.5614,1,0.1938,0.0218
1185_1196,0.6021,1,0.2212,0.5001,0.8198,0.1636,0.102
1186_1196,0.3697,1,0.2708,0.4559,0.6733,0.132,-0.0862
1187_1197,0.3832,1,0.262,0.5345,0.9532,0.1784,-0.1513
1188_1196,0.5606,1,0.2203,0.4118,0.7127,0.1713,0.1488
1189_1196,0.4738,0.6619,0.1066,0.4406,1,0.1897,0.0332
1195_1197,0.4297,0.7061,0.1588,0.5243,1,0.1857,-0.0946
1184_1198,0.3484,0.5379,0.0968,0.6436,1,0.1932,-0.2952
1189_1199,0.4902,1,0.2565,0.7338,0.9162,0.1217,-0.2436
666_680,0.6508,1,0.2159,0.5155,0.8764,0.1969,0.1353
667_679,0.1777,0.3353,0.0471,0.5185,1,0.2127,-0.3408
668_674,0.504,1,0.1928,0.1597,0.2437,0.043,0.3443
669_676,0.6839,1,0.1952,0.4485,0.8441,0.1746,0.2354
670_677,0.1586,0.2377,0.0459,0.5011,1,0.1935,-0.3425
671_673,0.5243,1,0.2185,0.1795,0.3515,0.0485,0.3448
672_678,0.5231,0.9111,0.2121,0.6532,1,0.2183,-0.1301
675_681,0.6839,1,0.1952,0.4485,0.8441,0.1746,0.2354
682_695,0.4997,1,0.2269,0.374,0.6698,0.1107,0.1257
683_697,0.4385,1,0.2445,0.1575,0.3096,0.069,0.281
684_690,0.1191,0.2284,0.0528,0.3851,1,0.3037,-0.266
685_691,0.506,1,0.2594,0.1989,0.43,0.1099,0.3071
686_693,0.3842,1,0.3046,0.1192,0.23,0.0537,0.265
687_694,0.1533,0.2766,0.067,0.4287,1,0.2429,-0.2754
688_696,0.366,0.5472,0.0845,0.4992,1,0.225,-0.1332
689_692,0.1777,0.4114,0.1036,0.4439,1,0.2401,-0.2662
0_12,0.6577,1,0.1978,0.4285,0.6572,0.1212,0.2292
1_10,0.581,0.9705,0.1683,0.6016,1,0.2085,-0.0206
2_9,0.5928,1,0.1984,0.2496,0.5043,0.0712,0.3432
3_13,0.4066,0.773,0.1951,0.452,1,0.1844,-0.0454
4_14,0.2584,0.4987,0.0707,0.6018,1,0.1805,-0.3434
5_8,0.4742,0.7253,0.1343,0.7176,1,0.2044,-0.2434
6_15,0.6041,1,0.2086,0.5852,0.9559,0.1702,0.0189
7_11,0.4478,1,0.181,0.4018,0.764,0.1929,0.046
1597_1598,0.1276,0.3544,0.079,0.1653,1,0.1622,-0.0377
1599_1600,0.2055,1,0.1984,0.1481,0.3624,0.0868,0.0574
1601_1602,0.2489,0.5238,0.1336,0.2525,1,0.2346,-0.0036
1598_1603,0.2603,1,0.2331,0.1159,0.2944,0.0717,0.1444
1602_1604,0.2654,1,0.2266,0.1509,0.7727,0.1544,0.1145
1604_1605,0.1546,0.6817,0.1536,0.3648,1,0.2793,-0.2102
1601_1605,0.274,1,0.2488,0.2418,0.5264,0.1327,0.0322
1603_1606,0.1512,0.533,0.136,0.3106,1,0.2554,-0.1594
1597_1606,0.3734,0.9772,0.2531,0.3051,1,0.2694,0.0683
102_108,0.582,1,0.2233,0.2451,0.4121,0.064,0.3369
92_105,0.3949,0.7632,0.185,0.5914,1,0.1961,-0.1965
106_118,0.6762,1,0.1434,0.6011,0.9227,0.1144,0.0751
90_108,0.582,1,0.2233,0.2451,0.4121,0.064,0.3369
94_106,0.6762,1,0.1434,0.6011,0.9227,0.1144,0.0751
92_98,0.3949,0.7632,0.185,0.5914,1,0.1961,-0.1965
105_115,0.5768,1,0.1922,0.4474,0.8938,0.2134,0.1294
102_121,0.2058,0.3676,0.0609,0.5165,1,0.201,-0.3107
118_124,0.6158,0.9564,0.1118,0.7402,1,0.112,-0.1244
1101_1112,0.2494,0.5751,0.0888,0.3577,1,0.2814,-0.1083
1104_1119,0.5591,1,0.2038,0.4265,0.721,0.1278,0.1326
1108_1114,0.307,0.6911,0.1846,0.5779,1,0.3196,-0.2709
1113_1131,0.2255,1,0.2435,0.1544,0.214,0.0294,0.0711
1102_1116,0.3364,0.617,0.1342,0.56,1,0.1974,-0.2236
1104_1123,0.4187,0.6379,0.1255,0.4802,1,0.2096,-0.0615
1121_1126,0.4111,1,0.2341,0.3008,0.6469,0.1731,0.1103
1127_1129,0.1687,0.3304,0.0691,0.4624,1,0.2258,-0.2937
1103_1108,0.5079,1,0.1906,0.3703,0.9602,0.2239,0.1376
1101_1106,0.4895,1,0.202,0.3417,0.6897,0.136,0.1478
1109_1126,0.22,0.454,0.1221,0.4232,1,0.2185,-0.2032
1100_1115,0.2857,1,0.2268,0.2858,0.5089,0.0859,-0.0001
1113_1118,0.2267,0.523,0.1187,0.2088,1,0.238,0.0179
1121_1128,0.4295,1,0.2721,0.291,0.3774,0.0454,0.1385
1107_1125,0.5234,1,0.1666,0.4277,0.8106,0.1171,0.0957
1116_1131,0.5466,1,0.1728,0.4988,0.9467,0.2107,0.0478
1100_1130,0.3447,0.6327,0.1166,0.6822,1,0.1454,-0.3375
1105_1110,0.5387,1,0.2097,0.4871,0.7116,0.1281,0.0516
1110_1117,0.7566,1,0.1987,0.154,0.3115,0.0721,0.6026
1105_1114,0.4471,0.836,0.246,0.4767,1,0.1738,-0.0296
1119_1124,0.5692,0.9031,0.1541,0.5962,1,0.2405,-0.027
1118_1120,0.6395,1,0.2321,0.4981,0.9085,0.1972,0.1414
1109_1130,0.6302,1,0.1817,0.3979,0.8602,0.2348,0.2323
1102_1125,0.5804,1,0.1903,0.3995,0.7448,0.1427,0.1809
1107_1122,0.3269,0.5978,0.116,0.3874,1,0.2625,-0.0605
1111_1120,0.871,1,0.1553,0.6174,0.9897,0.2274,0.2536
1112_1123,0.3547,1,0.2872,0.3335,0.5371,0.1117,0.0212
1111_1117,0.1513,0.3027,0.0581,0.8464,1,0.1311,-0.6951
1103_1122,0.4051,1,0.2719,0.4327,0.8728,0.1759,-0.0276
1115_1124,0.3411,0.5518,0.132,0.2565,1,0.225,0.0846
1106_1128,0.4901,0.6523,0.1082,0.5954,1,0.2042,-0.1053
1609_1619,0.4831,1,0.2128,0.4502,0.8987,0.178,0.0329
1607_1622,0.339,1,0.2423,0.2463,0.539,0.1164,0.0927
1612_1621,0.3419,0.7674,0.173,0.3332,1,0.1945,0.0087
1615_1619,0.4799,1,0.149,0.3686,0.7102,0.1392,0.1113
1613_1622,0.3183,0.6771,0.1225,0.4313,1,0.2199,-0.113
1611_1618,0.6522,1,0.2084,0.3643,0.7223,0.1616,0.2879
1608_1620,0.5517,1,0.2073,0.3034,0.9111,0.1725,0.2483
1610_1626,0.4929,1,0.1705,0.3864,0.802,0.1826,0.1065
1621_1625,0.457,1,0.2154,0.2622,0.6735,0.1362,0.1948
1611_1627,0.5003,1,0.2031,0.3602,0.758,0.167,0.1401
1608_1615,0.3376,0.8593,0.1574,0.4956,1,0.167,-0.158
1617_1624,0.5492,1,0.1877,0.3603,0.6333,0.1046,0.1889
1617_1630,0.5,0.8973,0.1682,0.3906,1,0.2232,0.1094
1614_1625,0.1992,0.3461,0.0794,0.4126,1,0.2267,-0.2134
1624_1626,0.1946,0.2994,0.0379,0.4466,1,0.1908,-0.252
1609_1629,0.5055,1,0.1821,0.2762,0.5193,0.1135,0.2293
1616_1629,0.5212,1,0.1777,0.3753,0.5763,0.1131,0.1459
1618_1628,0.5725,1,0.239,0.2808,0.4141,0.086,0.2917
1610_1616,0.5384,1,0.2374,0.481,0.8238,0.1586,0.0574
1612_1613,0.462,1,0.2338,0.4572,0.9393,0.1708,0.0048
1620_1630,0.5553,1,0.2059,0.3418,0.8516,0.1927,0.2135
1623_1627,0.541,1,0.2256,0.35,0.6787,0.1364,0.191
1607_1628,0.2954,0.7678,0.1848,0.5687,1,0.2324,-0.2733
1614_1623,0.229,0.3868,0.0937,0.5276,1,0.2354,-0.2986
799_805,0.2401,0.4697,0.0901,0.2597,1,0.1871,-0.0196
804_828,0.3336,1,0.1798,0.2999,0.8859,0.1821,0.0337
801_807,0.3288,0.8906,0.1904,0.2737,1,0.1744,0.0551
800_806,0.169,0.4248,0.0889,0.2489,1,0.1846,-0.0799
802_803,0.3065,1,0.1876,0.3738,0.7907,0.1329,-0.0673
780_798,0.2009,0.8805,0.1635,0.2189,1,0.1895,-0.018
794_826,0.2343,1,0.1916,0.3379,0.8949,0.2244,-0.1036
779_796,0.3227,0.8756,0.2107,0.2374,1,0.1934,0.0853
795_797,0.3386,1,0.2482,0.2421,0.7777,0.1699,0.0965
782_808,0.2866,0.9238,0.1794,0.2568,1,0.1842,0.0298
781_812,0.4612,0.9264,0.1971,0.346,1,0.223,0.1152
811_818,0.3649,1,0.2474,0.4952,0.851,0.1661,-0.1303
819_827,0.2849,1,0.1897,0.3218,0.9896,0.1947,-0.0369
783_810,0.2996,0.7748,0.1705,0.3459,1,0.2352,-0.0463
809_830,0.2388,0.8053,0.1384,0.3102,1,0.1926,-0.0714
774_822,0.3642,1,0.1984,0.3266,0.8381,0.1846,0.0376
778_821,0.3592,1,0.2076,0.384,0.9914,0.2191,-0.0248
777_820,0.3769,1,0.2256,0.3728,0.9457,0.2004,0.0041
775_823,0.2731,1,0.1786,0.2668,0.7205,0.1686,0.0063
776_829,0.3013,0.9303,0.1792,0.3358,1,0.199,-0.0345
784_793,0.3752,0.9392,0.1913,0.3388,1,0.1909,0.0364
787_791,0.229,0.5212,0.0907,0.4303,1,0.1595,-0.2013
785_831,0.3372,0.7806,0.1535,0.3228,1,0.2191,0.0144
786_790,0.2821,0.7391,0.139,0.342,1,0.2032,-0.0599
788_792,0.373,0.9393,0.1919,0.314,1,0.182,0.059
789_825,0.4485,0.8155,0.1157,0.325,1,0.2147,0.1235
768_824,0.286,0.7186,0.1304,0.2334,1,0.191,0.0526
769_816,0.2283,1,0.1973,0.1713,0.9297,0.1488,0.057
770_813,0.1922,1,0.1687,0.3604,0.6478,0.1192,-0.1682
771_814,0.2265,1,0.1937,0.1779,0.6461,0.1235,0.0486
772_815,0.1936,1,0.1731,0.164,0.6856,0.1228,0.0296
